{
  "assetCategories": {
    "surface": {
      "stone": {
        "tile": {}
      },
      "tile": {
        "stone": {}
      }
    }
  },
  "averageColor": "#000000",
  "categories": [
    "surface",
    "other",
    "various"
  ],
  "comp_version": 1,
  "description": "",
  "displacementBias": 0.839204,
  "displacementCalibrationAccuracy": 0.996082,
  "displacementScale": 0.147661,
  "environment": {
    "biome": "undefined",
    "region": "Europe"
  },
  "highest_available_res": 8192,
  "id": "uldnbcdn",
  "json": {
    "contentLength": 12559,
    "uri": "uldnbcdn.json"
  },
  "maps": [
    {
      "averageColor": "#DCDCDC",
      "bitDepth": 32,
      "colorSpace": "sRGB",
      "contentLength": 8200023,
      "maxIntensity": 251,
      "mimeType": "image/x-exr",
      "minIntensity": 223,
      "name": "AO",
      "physicalSize": "2x2",
      "resolution": "8192x8192",
      "type": "ao",
      "uri": "uldnbcdn_8K_AO.exr"
    },
    {
      "averageColor": "#DCDCDC",
      "bitDepth": 8,
      "colorSpace": "sRGB",
      "contentLength": 5662833,
      "maxIntensity": 251,
      "mimeType": "image/jpeg",
      "minIntensity": 223,
      "name": "AO",
      "physicalSize": "2x2",
      "resolution": "8192x8192",
      "type": "ao",
      "uri": "uldnbcdn_8K_AO.jpg"
    },
    {
      "averageColor": "#181415",
      "bitDepth": 16,
      "colorSpace": "sRGB",
      "contentLength": 213693839,
      "maxIntensity": 42,
      "mimeType": "image/x-exr",
      "minIntensity": 0,
      "name": "Basecolor",
      "physicalSize": "2x2",
      "resolution": "8192x8192",
      "type": "basecolor",
      "uri": "uldnbcdn_8K_Basecolor.exr"
    },
    {
      "averageColor": "#181415",
      "bitDepth": 8,
      "colorSpace": "sRGB",
      "contentLength": 17042135,
      "maxIntensity": 42,
      "mimeType": "image/jpeg",
      "minIntensity": 0,
      "name": "Basecolor",
      "physicalSize": "2x2",
      "resolution": "8192x8192",
      "type": "basecolor",
      "uri": "uldnbcdn_8K_Basecolor.jpg"
    },
    {
      "averageColor": "#808080",
      "bitDepth": 32,
      "colorSpace": "Linear",
      "contentLength": 28070240,
      "maxIntensity": 255,
      "mimeType": "image/x-exr",
      "minIntensity": 0,
      "name": "Bump",
      "physicalSize": "2x2",
      "resolution": "8192x8192",
      "type": "bump",
      "uri": "uldnbcdn_8K_Bump.exr"
    },
    {
      "averageColor": "#808080",
      "bitDepth": 8,
      "colorSpace": "Linear",
      "contentLength": 2649443,
      "maxIntensity": 255,
      "mimeType": "image/jpeg",
      "minIntensity": 0,
      "name": "Bump",
      "physicalSize": "2x2",
      "resolution": "8192x8192",
      "type": "bump",
      "uri": "uldnbcdn_8K_Bump.jpg"
    },
    {
      "averageColor": "#FFFFFF",
      "bitDepth": 32,
      "colorSpace": "sRGB",
      "contentLength": 15319992,
      "maxIntensity": 255,
      "mimeType": "image/x-exr",
      "minIntensity": 255,
      "name": "Cavity",
      "physicalSize": "2x2",
      "resolution": "8192x8192",
      "type": "cavity",
      "uri": "uldnbcdn_8K_Cavity.exr"
    },
    {
      "averageColor": "#FFFFFF",
      "bitDepth": 8,
      "colorSpace": "sRGB",
      "contentLength": 9774515,
      "maxIntensity": 255,
      "mimeType": "image/jpeg",
      "minIntensity": 255,
      "name": "Cavity",
      "physicalSize": "2x2",
      "resolution": "8192x8192",
      "type": "cavity",
      "uri": "uldnbcdn_8K_Cavity.jpg"
    },
    {
      "averageColor": "#808080",
      "bitDepth": 32,
      "colorSpace": "Linear",
      "contentLength": 14504725,
      "maxIntensity": 135,
      "mimeType": "image/x-exr",
      "minIntensity": 88,
      "name": "Displacement",
      "physicalSize": "2x2",
      "resolution": "8192x8192",
      "type": "displacement",
      "uri": "uldnbcdn_8K_Displacement.exr"
    },
    {
      "averageColor": "#808080",
      "bitDepth": 8,
      "colorSpace": "Linear",
      "contentLength": 1598659,
      "maxIntensity": 135,
      "mimeType": "image/jpeg",
      "minIntensity": 88,
      "name": "Displacement",
      "physicalSize": "2x2",
      "resolution": "8192x8192",
      "type": "displacement",
      "uri": "uldnbcdn_8K_Displacement.jpg"
    },
    {
      "averageColor": "#919191",
      "bitDepth": 32,
      "colorSpace": "Linear",
      "contentLength": 77106553,
      "maxIntensity": 154,
      "mimeType": "image/x-exr",
      "minIntensity": 105,
      "name": "Gloss",
      "physicalSize": "2x2",
      "resolution": "8192x8192",
      "type": "gloss",
      "uri": "uldnbcdn_8K_Gloss.exr"
    },
    {
      "averageColor": "#919191",
      "bitDepth": 8,
      "colorSpace": "Linear",
      "contentLength": 24146698,
      "maxIntensity": 154,
      "mimeType": "image/jpeg",
      "minIntensity": 105,
      "name": "Gloss",
      "physicalSize": "2x2",
      "resolution": "8192x8192",
      "type": "gloss",
      "uri": "uldnbcdn_8K_Gloss.jpg"
    },
    {
      "averageColor": "#8282FE",
      "bitDepth": 16,
      "colorSpace": "Linear",
      "contentLength": 13265644,
      "maxIntensity": 153,
      "mimeType": "image/x-exr",
      "minIntensity": 136,
      "name": "Normal",
      "physicalSize": "2x2",
      "resolution": "8192x8192",
      "type": "normal",
      "uri": "uldnbcdn_8K_Normal.exr"
    },
    {
      "averageColor": "#8282FE",
      "bitDepth": 8,
      "colorSpace": "Linear",
      "contentLength": 9361118,
      "maxIntensity": 153,
      "mimeType": "image/jpeg",
      "minIntensity": 136,
      "name": "Normal",
      "physicalSize": "2x2",
      "resolution": "8192x8192",
      "type": "normal",
      "uri": "uldnbcdn_8K_Normal.jpg"
    },
    {
      "averageColor": "#6E6E6E",
      "bitDepth": 32,
      "colorSpace": "Linear",
      "contentLength": 90222076,
      "maxIntensity": 150,
      "mimeType": "image/x-exr",
      "minIntensity": 101,
      "name": "Roughness",
      "physicalSize": "2x2",
      "resolution": "8192x8192",
      "type": "roughness",
      "uri": "uldnbcdn_8K_Roughness.exr"
    },
    {
      "averageColor": "#6E6E6E",
      "bitDepth": 8,
      "colorSpace": "Linear",
      "contentLength": 24311447,
      "maxIntensity": 150,
      "mimeType": "image/jpeg",
      "minIntensity": 101,
      "name": "Roughness",
      "physicalSize": "2x2",
      "resolution": "8192x8192",
      "type": "roughness",
      "uri": "uldnbcdn_8K_Roughness.jpg"
    },
    {
      "averageColor": "#383838",
      "bitDepth": 16,
      "colorSpace": "sRGB",
      "contentLength": 14708559,
      "maxIntensity": 56,
      "mimeType": "image/x-exr",
      "minIntensity": 56,
      "name": "Specular",
      "physicalSize": "2x2",
      "resolution": "8192x8192",
      "type": "specular",
      "uri": "uldnbcdn_8K_Specular.exr"
    },
    {
      "averageColor": "#383838",
      "bitDepth": 8,
      "colorSpace": "sRGB",
      "contentLength": 4535610,
      "maxIntensity": 56,
      "mimeType": "image/jpeg",
      "minIntensity": 56,
      "name": "Specular",
      "physicalSize": "2x2",
      "resolution": "8192x8192",
      "type": "specular",
      "uri": "uldnbcdn_8K_Specular.jpg"
    }
  ],
  "meta": [
    {
      "key": "scanArea",
      "name": "Scan Area",
      "value": "2x2 m"
    },
    {
      "key": "height",
      "name": "Height",
      "value": "0.037 m"
    },
    {
      "key": "tileable",
      "name": "Tileable",
      "value": true
    },
    {
      "key": "tiling_directions",
      "name": "Tiling Directions",
      "value": [
        "x",
        "y"
      ]
    },
    {
      "key": "texelDensity",
      "name": "Texel Density",
      "value": "4096 px/m"
    },
    {
      "key": "calibration",
      "name": "Calibration",
      "value": "GretagMacbeth ColorChecker Color Rendition Chart"
    },
    {
      "key": "scanner",
      "name": "Scanner",
      "value": "MKX"
    }
  ],
  "models": [],
  "name": "Gypsum Tiles",
  "pack": null,
  "physicalSize": null,
  "points": 2,
  "previews": {
    "images": [
      {
        "contentLength": 162359,
        "resolution": "360x360",
        "tags": [
          "thumb"
        ],
        "uri": "uldnbcdn_Grid_360.png"
      },
      {
        "contentLength": 216322,
        "resolution": "420x420",
        "tags": [
          "thumb"
        ],
        "uri": "uldnbcdn_Grid_420.png"
      },
      {
        "contentLength": 608754,
        "resolution": "720x720",
        "tags": [
          "thumb",
          "retina"
        ],
        "uri": "uldnbcdn_Grid_720.png"
      },
      {
        "contentLength": 820916,
        "resolution": "840x840",
        "tags": [
          "thumb",
          "retina"
        ],
        "uri": "uldnbcdn_Grid_840.png"
      },
      {
        "contentLength": 1859756,
        "resolution": "1440x768",
        "tags": [
          "preview",
          "clay"
        ],
        "uri": "uldnbcdn_PopupClay_1440.png"
      },
      {
        "contentLength": 3433819,
        "resolution": "1920x1080",
        "tags": [
          "preview",
          "clay"
        ],
        "uri": "uldnbcdn_PopupClay_1920.png"
      },
      {
        "contentLength": 7261498,
        "resolution": "2880x1536",
        "tags": [
          "preview",
          "clay",
          "retina"
        ],
        "uri": "uldnbcdn_PopupClay_2880.png"
      },
      {
        "contentLength": 13327434,
        "resolution": "3840x2160",
        "tags": [
          "preview",
          "clay",
          "retina"
        ],
        "uri": "uldnbcdn_PopupClay_3840.png"
      },
      {
        "contentLength": 1753577,
        "resolution": "1440x768",
        "tags": [
          "preview",
          "tiled"
        ],
        "uri": "uldnbcdn_PopupTiled_1440.png"
      },
      {
        "contentLength": 3206509,
        "resolution": "1920x1080",
        "tags": [
          "preview",
          "tiled"
        ],
        "uri": "uldnbcdn_PopupTiled_1920.png"
      },
      {
        "contentLength": 6752427,
        "resolution": "2880x1536",
        "tags": [
          "preview",
          "tiled",
          "retina"
        ],
        "uri": "uldnbcdn_PopupTiled_2880.png"
      },
      {
        "contentLength": 12601499,
        "resolution": "3840x2160",
        "tags": [
          "preview",
          "tiled",
          "retina"
        ],
        "uri": "uldnbcdn_PopupTiled_3840.png"
      },
      {
        "contentLength": 1756175,
        "resolution": "1440x768",
        "tags": [
          "preview"
        ],
        "uri": "uldnbcdn_Popup_1440.png"
      },
      {
        "contentLength": 3230937,
        "resolution": "1920x1080",
        "tags": [
          "preview"
        ],
        "uri": "uldnbcdn_Popup_1920.png"
      },
      {
        "contentLength": 6827037,
        "resolution": "2880x1536",
        "tags": [
          "preview",
          "retina"
        ],
        "uri": "uldnbcdn_Popup_2880.png"
      },
      {
        "contentLength": 12830439,
        "resolution": "3840x2160",
        "tags": [
          "preview",
          "retina"
        ],
        "uri": "uldnbcdn_Popup_3840.png"
      }
    ],
    "relativeSize": "1x1",
    "scaleReferences": []
  },
  "process_date": "2024-04-17 01:20:46",
  "properties": [],
  "referencePreviews": {
    "maps": [],
    "models": []
  },
  "references": [],
  "revised": false,
  "revision": 0,
  "semanticTags": {
    "architectural_style": {},
    "asset_type": "surface",
    "city": "Gothenburg",
    "color": [
      "Black"
    ],
    "contains": [
      "Tile",
      "Nails",
      "stains"
    ],
    "country": "Sweden",
    "descriptive": [
      "Shiny",
      "Polished",
      "Dirty",
      "Stained",
      "Worn"
    ],
    "environment": [
      "urban"
    ],
    "industry": [
      "archviz",
      "games",
      "VFX"
    ],
    "locations": {
      "Europe": {
        "Sweden": {
          "Gothenburg": {}
        }
      }
    },
    "maxSize": 2,
    "minSize": 2,
    "name": "Gypsum Tiles",
    "orientation": [
      "wall",
      "floor"
    ],
    "region": "Europe",
    "resolution": 8192,
    "state": [
      "new"
    ],
    "subject_matter": "manmade",
    "theme": [
      "Interior",
      "Urban",
      "walls",
      "Building",
      "facades"
    ]
  },
  "tags": [
    "black",
    "interior",
    "urban",
    "facade",
    "tile",
    "grout",
    "nails",
    "shiny",
    "polished",
    "dirty",
    "stained",
    "worn"
  ],
  "texelDensity": 4096,
  "texture_type": "basic",
  "ue_plugin_archives": [
    {
      "contentLength": 85786504,
      "gltfVersion": "2.0",
      "tier": 0,
      "type": "gltf",
      "uri": "ue_plugin_archives/tier_0/uldnbcdn_tier_0.zip",
      "version": 1
    },
    {
      "contentLength": 27108291,
      "gltfVersion": "2.0",
      "tier": 1,
      "type": "gltf",
      "uri": "ue_plugin_archives/tier_1/uldnbcdn_tier_1.zip",
      "version": 1
    },
    {
      "contentLength": 7268769,
      "gltfVersion": "2.0",
      "tier": 2,
      "type": "gltf",
      "uri": "ue_plugin_archives/tier_2/uldnbcdn_tier_2.zip",
      "version": 1
    },
    {
      "contentLength": 580442,
      "gltfVersion": "2.0",
      "tier": 3,
      "type": "gltf",
      "uri": "ue_plugin_archives/tier_3/uldnbcdn_tier_3.zip",
      "version": 1
    }
  ],
  "version": 2
}